0,33,114,176,254.0,288.0,292.0,478.0,496.0,,,,,,,,,,,,,
1,24,92,105,180.0,187.0,224.0,238.0,241.0,350.0,382.0,480.0,482.0,,,,,,,,,
2,115,121,165,230.0,289.0,314.0,343.0,361.0,387.0,450.0,463.0,,,,,,,,,,
3,60,191,234,262.0,304.0,382.0,,,,,,,,,,,,,,,
4,12,32,149,183.0,212.0,260.0,287.0,323.0,410.0,442.0,444.0,,,,,,,,,,
5,59,75,78,185.0,253.0,262.0,364.0,410.0,430.0,439.0,,,,,,,,,,,
6,75,102,135,296.0,396.0,414.0,427.0,490.0,,,,,,,,,,,,,
7,8,25,120,148.0,357.0,382.0,,,,,,,,,,,,,,,
8,7,85,106,215.0,229.0,246.0,325.0,,,,,,,,,,,,,,
9,31,135,164,222.0,351.0,367.0,395.0,,,,,,,,,,,,,,
10,46,123,128,129.0,193.0,316.0,442.0,468.0,,,,,,,,,,,,,
11,31,143,177,312.0,392.0,438.0,439.0,454.0,468.0,,,,,,,,,,,,
12,4,100,161,186.0,198.0,219.0,254.0,298.0,363.0,388.0,407.0,,,,,,,,,,
13,60,62,136,194.0,281.0,299.0,301.0,471.0,478.0,,,,,,,,,,,,
14,110,152,208,226.0,241.0,293.0,320.0,337.0,365.0,368.0,390.0,409.0,420.0,433.0,453.0,,,,,,
15,26,34,37,150.0,153.0,171.0,201.0,228.0,230.0,255.0,292.0,440.0,448.0,,,,,,,,
16,57,75,92,153.0,253.0,386.0,409.0,482.0,,,,,,,,,,,,,
17,97,103,149,242.0,251.0,260.0,261.0,269.0,295.0,313.0,324.0,326.0,446.0,459.0,,,,,,,
18,120,131,178,187.0,193.0,194.0,217.0,331.0,,,,,,,,,,,,,
19,83,119,224,238.0,263.0,402.0,413.0,436.0,440.0,490.0,,,,,,,,,,,
20,30,40,103,186.0,233.0,248.0,263.0,276.0,330.0,343.0,365.0,418.0,434.0,445.0,,,,,,,
21,70,98,126,155.0,232.0,279.0,350.0,354.0,371.0,374.0,392.0,414.0,459.0,476.0,,,,,,,
22,152,184,296,331.0,378.0,404.0,444.0,,,,,,,,,,,,,,
23,55,67,111,113.0,145.0,204.0,211.0,306.0,348.0,380.0,489.0,,,,,,,,,,
24,1,82,141,173.0,215.0,236.0,264.0,299.0,382.0,414.0,424.0,,,,,,,,,,
25,7,30,52,142.0,231.0,264.0,271.0,489.0,,,,,,,,,,,,,
26,15,78,92,135.0,264.0,306.0,435.0,,,,,,,,,,,,,,
27,32,155,179,184.0,200.0,236.0,248.0,267.0,371.0,490.0,,,,,,,,,,,
28,48,56,75,98.0,110.0,127.0,131.0,164.0,177.0,205.0,313.0,367.0,398.0,421.0,470.0,,,,,,
29,193,241,277,318.0,327.0,390.0,394.0,403.0,418.0,427.0,,,,,,,,,,,
30,20,25,90,131.0,144.0,187.0,260.0,265.0,320.0,336.0,430.0,439.0,493.0,494.0,,,,,,,
31,9,11,32,33.0,87.0,150.0,214.0,221.0,268.0,280.0,404.0,422.0,437.0,439.0,450.0,,,,,,
32,4,27,31,50.0,95.0,109.0,169.0,208.0,375.0,394.0,,,,,,,,,,,
33,0,31,52,166.0,203.0,238.0,260.0,313.0,437.0,443.0,,,,,,,,,,,
34,15,59,74,131.0,218.0,229.0,278.0,327.0,394.0,421.0,495.0,,,,,,,,,,
35,64,92,163,180.0,232.0,277.0,355.0,369.0,413.0,422.0,429.0,,,,,,,,,,
36,90,102,138,153.0,181.0,252.0,257.0,269.0,306.0,363.0,381.0,416.0,441.0,,,,,,,,
37,15,47,116,131.0,155.0,194.0,220.0,303.0,343.0,369.0,419.0,,,,,,,,,,
38,175,194,226,228.0,334.0,393.0,418.0,,,,,,,,,,,,,,
39,162,178,202,239.0,281.0,363.0,413.0,427.0,448.0,485.0,494.0,,,,,,,,,,
40,20,66,148,184.0,217.0,320.0,343.0,428.0,433.0,439.0,467.0,485.0,,,,,,,,,
41,48,94,96,97.0,121.0,288.0,320.0,327.0,342.0,,,,,,,,,,,,
42,55,207,227,396.0,430.0,,,,,,,,,,,,,,,,
43,49,121,158,185.0,206.0,363.0,378.0,387.0,418.0,420.0,423.0,445.0,485.0,,,,,,,,
44,68,98,209,216.0,220.0,248.0,272.0,353.0,428.0,461.0,,,,,,,,,,,
45,113,115,123,130.0,215.0,234.0,264.0,268.0,303.0,369.0,378.0,412.0,448.0,459.0,,,,,,,
46,10,137,221,311.0,497.0,,,,,,,,,,,,,,,,
47,37,58,76,208.0,250.0,267.0,305.0,322.0,387.0,421.0,437.0,,,,,,,,,,
48,28,41,60,125.0,199.0,225.0,260.0,356.0,420.0,462.0,463.0,,,,,,,,,,
49,43,58,67,86.0,87.0,118.0,163.0,223.0,232.0,274.0,297.0,321.0,360.0,391.0,434.0,436.0,,,,,
50,32,207,289,290.0,295.0,302.0,310.0,345.0,349.0,470.0,,,,,,,,,,,
51,108,117,135,136.0,263.0,360.0,481.0,,,,,,,,,,,,,,
52,25,33,54,175.0,209.0,212.0,247.0,312.0,321.0,325.0,363.0,410.0,466.0,490.0,,,,,,,
53,62,69,85,153.0,161.0,182.0,184.0,195.0,283.0,,,,,,,,,,,,
54,52,154,201,277.0,363.0,382.0,491.0,,,,,,,,,,,,,,
55,23,42,154,163.0,239.0,261.0,267.0,366.0,403.0,448.0,477.0,483.0,,,,,,,,,
56,28,122,124,183.0,199.0,245.0,250.0,278.0,281.0,287.0,363.0,372.0,400.0,439.0,477.0,,,,,,
57,16,70,78,143.0,203.0,219.0,227.0,256.0,272.0,344.0,377.0,422.0,442.0,,,,,,,,
58,47,49,61,198.0,324.0,382.0,403.0,,,,,,,,,,,,,,
59,5,34,85,109.0,149.0,171.0,205.0,340.0,341.0,345.0,359.0,362.0,426.0,438.0,485.0,497.0,,,,,
60,3,13,48,94.0,162.0,181.0,259.0,271.0,299.0,300.0,394.0,406.0,441.0,,,,,,,,
61,58,68,76,85.0,150.0,151.0,155.0,233.0,374.0,,,,,,,,,,,,
62,13,53,222,282.0,342.0,364.0,418.0,430.0,452.0,465.0,484.0,,,,,,,,,,
63,167,218,228,390.0,419.0,432.0,443.0,471.0,477.0,,,,,,,,,,,,
64,35,77,167,171.0,187.0,201.0,337.0,415.0,477.0,,,,,,,,,,,,
65,125,127,175,323.0,372.0,385.0,410.0,495.0,,,,,,,,,,,,,
66,40,128,149,206.0,226.0,287.0,328.0,395.0,413.0,419.0,,,,,,,,,,,
67,23,49,90,93.0,100.0,175.0,207.0,251.0,272.0,282.0,339.0,473.0,,,,,,,,,
68,44,61,100,206.0,307.0,318.0,434.0,467.0,,,,,,,,,,,,,
69,53,92,128,164.0,175.0,267.0,288.0,364.0,385.0,424.0,448.0,,,,,,,,,,
70,21,57,100,128.0,193.0,280.0,284.0,419.0,421.0,452.0,476.0,,,,,,,,,,
71,73,149,262,303.0,327.0,414.0,416.0,486.0,,,,,,,,,,,,,
72,200,207,209,231.0,289.0,297.0,322.0,410.0,484.0,,,,,,,,,,,,
73,71,167,245,287.0,443.0,447.0,,,,,,,,,,,,,,,
74,34,96,226,275.0,287.0,305.0,383.0,,,,,,,,,,,,,,
75,5,6,16,28.0,132.0,133.0,140.0,141.0,155.0,188.0,325.0,382.0,464.0,472.0,483.0,,,,,,
76,47,61,166,178.0,196.0,197.0,264.0,347.0,369.0,407.0,,,,,,,,,,,
77,64,158,171,224.0,268.0,331.0,354.0,457.0,487.0,,,,,,,,,,,,
78,5,26,57,86.0,156.0,200.0,341.0,347.0,373.0,,,,,,,,,,,,
79,88,111,117,213.0,318.0,341.0,357.0,391.0,438.0,,,,,,,,,,,,
80,148,150,204,218.0,266.0,267.0,402.0,449.0,,,,,,,,,,,,,
81,137,161,224,238.0,331.0,421.0,447.0,460.0,470.0,,,,,,,,,,,,
82,24,101,164,234.0,299.0,340.0,402.0,408.0,,,,,,,,,,,,,
83,19,84,94,149.0,184.0,227.0,247.0,276.0,318.0,384.0,427.0,,,,,,,,,,
84,83,107,125,129.0,195.0,208.0,211.0,322.0,414.0,,,,,,,,,,,,
85,8,53,59,61.0,92.0,156.0,171.0,260.0,466.0,,,,,,,,,,,,
86,49,78,158,171.0,174.0,248.0,266.0,328.0,407.0,421.0,427.0,433.0,434.0,487.0,,,,,,,
87,31,49,116,234.0,299.0,307.0,458.0,462.0,497.0,,,,,,,,,,,,
88,79,149,186,216.0,229.0,294.0,387.0,414.0,421.0,,,,,,,,,,,,
89,93,149,165,183.0,233.0,276.0,318.0,324.0,352.0,397.0,,,,,,,,,,,
90,30,36,67,149.0,173.0,303.0,306.0,383.0,487.0,,,,,,,,,,,,
91,271,293,311,335.0,347.0,356.0,389.0,405.0,431.0,436.0,477.0,,,,,,,,,,
92,1,16,26,35.0,69.0,85.0,131.0,192.0,240.0,258.0,366.0,367.0,431.0,439.0,,,,,,,
93,67,89,100,140.0,251.0,310.0,313.0,367.0,426.0,461.0,,,,,,,,,,,
94,41,60,83,174.0,247.0,301.0,460.0,,,,,,,,,,,,,,
95,32,145,170,219.0,223.0,311.0,382.0,409.0,423.0,433.0,,,,,,,,,,,
96,41,74,116,172.0,176.0,192.0,198.0,261.0,306.0,479.0,486.0,,,,,,,,,,
97,17,41,128,143.0,145.0,200.0,258.0,312.0,327.0,411.0,483.0,,,,,,,,,,
98,21,28,44,129.0,151.0,213.0,311.0,351.0,417.0,480.0,,,,,,,,,,,
99,103,182,205,338.0,,,,,,,,,,,,,,,,,
100,12,67,68,70.0,93.0,103.0,130.0,149.0,153.0,185.0,208.0,213.0,273.0,274.0,288.0,338.0,392.0,438.0,463.0,492.0,496.0
101,82,113,143,221.0,368.0,382.0,390.0,,,,,,,,,,,,,,
102,6,36,116,142.0,163.0,175.0,214.0,247.0,340.0,424.0,450.0,468.0,494.0,497.0,,,,,,,
103,17,20,99,100.0,159.0,218.0,225.0,358.0,426.0,447.0,,,,,,,,,,,
104,108,168,200,345.0,372.0,374.0,380.0,411.0,442.0,,,,,,,,,,,,
105,1,108,126,206.0,314.0,495.0,,,,,,,,,,,,,,,
106,8,203,207,267.0,271.0,318.0,320.0,326.0,349.0,385.0,493.0,,,,,,,,,,
107,84,145,152,174.0,203.0,286.0,355.0,425.0,,,,,,,,,,,,,
108,51,104,105,155.0,163.0,211.0,222.0,244.0,434.0,490.0,495.0,,,,,,,,,,
109,32,59,146,175.0,180.0,201.0,258.0,312.0,384.0,404.0,420.0,424.0,471.0,,,,,,,,
110,14,28,159,205.0,241.0,243.0,268.0,291.0,367.0,368.0,369.0,410.0,,,,,,,,,
111,23,79,130,168.0,256.0,280.0,302.0,318.0,384.0,432.0,435.0,447.0,448.0,489.0,,,,,,,
112,154,259,301,337.0,390.0,,,,,,,,,,,,,,,,
113,23,45,101,209.0,223.0,234.0,390.0,470.0,,,,,,,,,,,,,
114,0,138,154,178.0,286.0,291.0,490.0,,,,,,,,,,,,,,
115,2,45,129,170.0,198.0,201.0,226.0,248.0,306.0,443.0,454.0,497.0,,,,,,,,,
116,37,87,96,102.0,151.0,233.0,256.0,350.0,370.0,384.0,400.0,,,,,,,,,,
117,51,79,252,272.0,290.0,384.0,388.0,433.0,456.0,,,,,,,,,,,,
118,49,231,236,344.0,407.0,,,,,,,,,,,,,,,,
119,19,142,192,226.0,251.0,255.0,257.0,275.0,280.0,310.0,318.0,413.0,433.0,461.0,484.0,,,,,,
120,7,18,122,322.0,,,,,,,,,,,,,,,,,
121,2,41,43,382.0,,,,,,,,,,,,,,,,,
122,56,120,136,158.0,160.0,241.0,346.0,362.0,379.0,426.0,481.0,,,,,,,,,,
123,10,45,133,149.0,178.0,363.0,392.0,478.0,,,,,,,,,,,,,
124,56,143,245,250.0,259.0,325.0,361.0,390.0,425.0,436.0,,,,,,,,,,,
125,48,65,84,152.0,197.0,216.0,218.0,304.0,320.0,336.0,419.0,469.0,,,,,,,,,
126,21,105,154,304.0,309.0,311.0,339.0,417.0,494.0,,,,,,,,,,,,
127,28,65,143,149.0,170.0,179.0,302.0,322.0,351.0,461.0,,,,,,,,,,,
128,10,66,69,70.0,97.0,278.0,314.0,450.0,476.0,482.0,,,,,,,,,,,
129,10,84,98,115.0,134.0,184.0,265.0,366.0,,,,,,,,,,,,,
130,45,100,111,132.0,166.0,187.0,346.0,370.0,445.0,478.0,,,,,,,,,,,
131,18,28,30,34.0,37.0,92.0,143.0,211.0,254.0,317.0,383.0,390.0,417.0,456.0,490.0,491.0,,,,,
132,75,130,156,169.0,247.0,289.0,307.0,395.0,400.0,432.0,,,,,,,,,,,
133,75,123,144,183.0,293.0,376.0,381.0,414.0,418.0,467.0,498.0,499.0,,,,,,,,,
134,129,154,164,187.0,194.0,264.0,,,,,,,,,,,,,,,
135,6,9,26,51.0,255.0,313.0,400.0,495.0,,,,,,,,,,,,,
136,13,51,122,159.0,179.0,204.0,249.0,262.0,269.0,314.0,361.0,439.0,,,,,,,,,
137,46,81,227,246.0,266.0,280.0,348.0,409.0,438.0,,,,,,,,,,,,
138,36,114,146,151.0,161.0,202.0,255.0,296.0,313.0,335.0,493.0,,,,,,,,,,
139,194,375,403,424.0,438.0,440.0,454.0,455.0,,,,,,,,,,,,,
140,75,93,143,155.0,199.0,219.0,288.0,359.0,469.0,497.0,,,,,,,,,,,
141,24,75,208,221.0,391.0,423.0,,,,,,,,,,,,,,,
142,25,102,119,160.0,166.0,234.0,334.0,396.0,439.0,497.0,,,,,,,,,,,
143,11,57,97,101.0,124.0,127.0,131.0,140.0,176.0,259.0,269.0,348.0,392.0,473.0,495.0,,,,,,
144,30,133,166,382.0,426.0,,,,,,,,,,,,,,,,
145,23,95,97,107.0,164.0,247.0,,,,,,,,,,,,,,,
146,109,138,150,152.0,165.0,171.0,178.0,353.0,355.0,362.0,448.0,486.0,,,,,,,,,
147,151,244,351,371.0,382.0,413.0,,,,,,,,,,,,,,,
148,7,40,80,178.0,203.0,209.0,250.0,426.0,439.0,459.0,,,,,,,,,,,
149,4,17,59,66.0,71.0,83.0,88.0,89.0,90.0,100.0,123.0,127.0,153.0,190.0,232.0,236.0,409.0,487.0,,,
150,15,31,61,80.0,146.0,245.0,376.0,441.0,461.0,481.0,,,,,,,,,,,
151,61,98,116,138.0,147.0,172.0,227.0,239.0,276.0,305.0,308.0,427.0,441.0,464.0,,,,,,,
152,14,22,107,125.0,146.0,279.0,309.0,429.0,470.0,,,,,,,,,,,,
153,15,16,36,53.0,100.0,149.0,156.0,227.0,284.0,303.0,326.0,356.0,473.0,,,,,,,,
154,54,55,112,114.0,126.0,134.0,207.0,257.0,263.0,314.0,407.0,412.0,433.0,,,,,,,,
155,21,27,37,61.0,75.0,108.0,140.0,311.0,345.0,355.0,487.0,,,,,,,,,,
156,78,85,132,153.0,164.0,181.0,221.0,261.0,377.0,408.0,420.0,493.0,,,,,,,,,
157,167,174,254,284.0,352.0,387.0,414.0,426.0,,,,,,,,,,,,,
158,43,77,86,122.0,180.0,304.0,328.0,361.0,406.0,432.0,475.0,487.0,,,,,,,,,
159,103,110,136,176.0,188.0,226.0,260.0,347.0,412.0,444.0,457.0,492.0,,,,,,,,,
160,122,142,269,320.0,406.0,,,,,,,,,,,,,,,,
161,12,53,81,138.0,166.0,221.0,227.0,328.0,455.0,492.0,,,,,,,,,,,
162,39,60,222,268.0,345.0,354.0,365.0,440.0,449.0,,,,,,,,,,,,
163,35,49,55,102.0,108.0,187.0,188.0,285.0,286.0,394.0,398.0,494.0,,,,,,,,,
164,9,28,69,82.0,134.0,145.0,156.0,176.0,216.0,259.0,373.0,381.0,395.0,409.0,450.0,456.0,,,,,
165,2,89,146,169.0,172.0,173.0,187.0,275.0,303.0,304.0,351.0,,,,,,,,,,
166,33,76,130,142.0,144.0,161.0,174.0,344.0,492.0,,,,,,,,,,,,
167,63,64,73,157.0,378.0,409.0,411.0,432.0,490.0,,,,,,,,,,,,
168,104,111,276,413.0,453.0,476.0,,,,,,,,,,,,,,,
169,32,132,165,203.0,271.0,284.0,305.0,330.0,344.0,362.0,421.0,428.0,476.0,,,,,,,,
170,95,115,127,292.0,384.0,448.0,486.0,,,,,,,,,,,,,,
171,15,59,64,77.0,85.0,86.0,146.0,283.0,306.0,313.0,406.0,,,,,,,,,,
172,96,151,165,207.0,312.0,373.0,404.0,443.0,453.0,,,,,,,,,,,,
173,24,90,165,258.0,314.0,360.0,391.0,417.0,494.0,,,,,,,,,,,,
174,86,94,107,157.0,166.0,185.0,196.0,257.0,327.0,336.0,476.0,,,,,,,,,,
175,38,52,65,67.0,69.0,102.0,109.0,182.0,236.0,249.0,278.0,407.0,425.0,,,,,,,,
176,0,96,143,159.0,164.0,368.0,391.0,433.0,460.0,,,,,,,,,,,,
177,11,28,199,215.0,425.0,460.0,,,,,,,,,,,,,,,
178,18,39,76,114.0,123.0,146.0,148.0,184.0,267.0,380.0,,,,,,,,,,,
179,27,127,136,199.0,201.0,238.0,294.0,384.0,416.0,,,,,,,,,,,,
180,1,35,109,158.0,201.0,234.0,361.0,430.0,436.0,445.0,,,,,,,,,,,
181,36,60,156,236.0,253.0,271.0,321.0,324.0,354.0,362.0,364.0,379.0,,,,,,,,,
182,53,99,175,230.0,241.0,315.0,342.0,343.0,380.0,431.0,461.0,464.0,470.0,490.0,,,,,,,
183,4,56,89,133.0,205.0,405.0,435.0,462.0,,,,,,,,,,,,,
184,22,27,40,53.0,83.0,129.0,178.0,194.0,264.0,281.0,287.0,292.0,323.0,336.0,413.0,,,,,,
185,5,43,100,174.0,226.0,257.0,274.0,287.0,418.0,434.0,437.0,451.0,478.0,483.0,,,,,,,
186,12,20,88,292.0,391.0,407.0,,,,,,,,,,,,,,,
187,1,18,30,64.0,130.0,134.0,163.0,165.0,202.0,225.0,229.0,247.0,267.0,316.0,400.0,432.0,492.0,,,,
188,75,159,163,285.0,316.0,328.0,391.0,449.0,,,,,,,,,,,,,
189,204,232,329,,,,,,,,,,,,,,,,,,
190,149,422,430,441.0,,,,,,,,,,,,,,,,,
191,3,230,243,278.0,279.0,282.0,289.0,362.0,424.0,,,,,,,,,,,,
192,92,96,119,290.0,296.0,377.0,412.0,438.0,,,,,,,,,,,,,
193,10,18,29,70.0,233.0,289.0,319.0,334.0,337.0,340.0,445.0,499.0,,,,,,,,,
194,13,18,37,38.0,134.0,139.0,184.0,283.0,287.0,288.0,328.0,350.0,442.0,446.0,457.0,478.0,,,,,
195,53,84,218,225.0,440.0,480.0,,,,,,,,,,,,,,,
196,76,174,254,320.0,333.0,341.0,363.0,422.0,474.0,485.0,,,,,,,,,,,
197,76,125,359,366.0,419.0,458.0,467.0,478.0,,,,,,,,,,,,,
198,12,58,96,115.0,254.0,264.0,294.0,309.0,322.0,355.0,397.0,488.0,,,,,,,,,
199,48,56,140,177.0,179.0,247.0,281.0,375.0,401.0,498.0,,,,,,,,,,,
200,27,72,78,97.0,104.0,262.0,325.0,342.0,382.0,423.0,,,,,,,,,,,
201,15,54,64,109.0,115.0,179.0,180.0,247.0,250.0,303.0,312.0,334.0,352.0,452.0,,,,,,,
202,39,138,187,213.0,228.0,330.0,414.0,441.0,,,,,,,,,,,,,
203,33,57,106,107.0,148.0,169.0,228.0,430.0,446.0,460.0,498.0,,,,,,,,,,
204,23,80,136,189.0,210.0,242.0,321.0,373.0,398.0,408.0,421.0,482.0,,,,,,,,,
205,28,59,99,110.0,183.0,274.0,370.0,413.0,,,,,,,,,,,,,
206,43,66,68,105.0,227.0,280.0,342.0,423.0,469.0,,,,,,,,,,,,
207,42,50,67,72.0,106.0,154.0,172.0,253.0,273.0,296.0,303.0,315.0,389.0,443.0,457.0,,,,,,
208,14,32,47,84.0,100.0,141.0,273.0,402.0,496.0,,,,,,,,,,,,
209,44,52,72,113.0,148.0,251.0,282.0,359.0,428.0,479.0,,,,,,,,,,,
210,204,423,454,,,,,,,,,,,,,,,,,,
211,23,84,108,131.0,231.0,270.0,281.0,375.0,493.0,,,,,,,,,,,,
212,4,52,348,359.0,439.0,441.0,450.0,482.0,493.0,,,,,,,,,,,,
213,79,98,100,202.0,323.0,324.0,403.0,473.0,477.0,,,,,,,,,,,,
214,31,102,230,266.0,296.0,347.0,358.0,376.0,396.0,450.0,496.0,,,,,,,,,,
215,8,24,45,177.0,234.0,275.0,308.0,317.0,390.0,416.0,466.0,478.0,480.0,,,,,,,,
216,44,88,125,164.0,293.0,306.0,409.0,,,,,,,,,,,,,,
217,18,40,329,480.0,488.0,,,,,,,,,,,,,,,,
218,34,63,80,103.0,125.0,195.0,265.0,326.0,333.0,341.0,347.0,349.0,365.0,415.0,434.0,492.0,,,,,
219,12,57,95,140.0,317.0,335.0,380.0,432.0,433.0,462.0,,,,,,,,,,,
220,37,44,229,243.0,301.0,308.0,384.0,417.0,427.0,498.0,,,,,,,,,,,
221,31,46,101,141.0,156.0,161.0,247.0,252.0,381.0,408.0,,,,,,,,,,,
222,9,62,108,162.0,260.0,262.0,265.0,384.0,,,,,,,,,,,,,
223,49,95,113,225.0,231.0,367.0,388.0,,,,,,,,,,,,,,
224,1,19,77,81.0,258.0,318.0,379.0,418.0,425.0,443.0,455.0,481.0,,,,,,,,,
225,48,103,187,195.0,223.0,261.0,360.0,416.0,435.0,442.0,493.0,,,,,,,,,,
226,14,38,66,74.0,115.0,119.0,159.0,185.0,250.0,392.0,403.0,415.0,452.0,,,,,,,,
227,42,57,83,137.0,151.0,153.0,161.0,206.0,237.0,246.0,298.0,308.0,326.0,401.0,491.0,,,,,,
228,15,38,63,202.0,203.0,287.0,328.0,329.0,344.0,423.0,,,,,,,,,,,
229,8,34,88,187.0,220.0,232.0,365.0,376.0,464.0,499.0,,,,,,,,,,,
230,2,15,182,191.0,214.0,253.0,307.0,312.0,351.0,375.0,399.0,402.0,423.0,454.0,,,,,,,
231,25,72,118,211.0,223.0,279.0,328.0,369.0,443.0,457.0,,,,,,,,,,,
232,21,35,49,149.0,189.0,229.0,284.0,337.0,390.0,463.0,469.0,,,,,,,,,,
233,20,61,89,116.0,193.0,255.0,274.0,300.0,396.0,400.0,409.0,,,,,,,,,,
234,3,45,82,87.0,113.0,142.0,180.0,215.0,343.0,,,,,,,,,,,,
235,248,249,282,302.0,342.0,364.0,376.0,404.0,436.0,,,,,,,,,,,,
236,24,27,118,149.0,175.0,181.0,263.0,266.0,278.0,288.0,344.0,356.0,368.0,499.0,,,,,,,
237,227,287,290,375.0,,,,,,,,,,,,,,,,,
238,1,19,33,81.0,179.0,388.0,426.0,,,,,,,,,,,,,,
239,39,55,151,302.0,343.0,352.0,385.0,388.0,413.0,476.0,479.0,487.0,,,,,,,,,
240,92,293,338,352.0,483.0,,,,,,,,,,,,,,,,
241,1,14,29,110.0,122.0,182.0,253.0,373.0,449.0,,,,,,,,,,,,
242,17,204,283,339.0,366.0,407.0,479.0,,,,,,,,,,,,,,
243,110,191,220,314.0,414.0,433.0,477.0,,,,,,,,,,,,,,
244,108,147,252,285.0,286.0,367.0,386.0,,,,,,,,,,,,,,
245,56,73,124,150.0,358.0,369.0,389.0,394.0,,,,,,,,,,,,,
246,8,137,227,252.0,275.0,334.0,423.0,440.0,,,,,,,,,,,,,
247,52,83,94,102.0,132.0,145.0,187.0,199.0,201.0,221.0,251.0,366.0,410.0,411.0,441.0,470.0,494.0,,,,
248,20,27,44,86.0,115.0,235.0,311.0,319.0,349.0,445.0,,,,,,,,,,,
249,136,175,235,287.0,396.0,447.0,449.0,484.0,,,,,,,,,,,,,
250,47,56,124,148.0,201.0,226.0,255.0,394.0,429.0,441.0,,,,,,,,,,,
251,17,67,93,119.0,209.0,247.0,321.0,350.0,394.0,404.0,406.0,417.0,452.0,461.0,478.0,,,,,,
252,36,117,221,244.0,246.0,254.0,313.0,435.0,486.0,487.0,,,,,,,,,,,
253,5,16,181,207.0,230.0,241.0,321.0,366.0,413.0,,,,,,,,,,,,
254,0,12,131,157.0,196.0,198.0,252.0,258.0,367.0,414.0,461.0,,,,,,,,,,
255,15,119,135,138.0,233.0,250.0,321.0,372.0,477.0,,,,,,,,,,,,
256,57,111,116,364.0,397.0,465.0,468.0,497.0,,,,,,,,,,,,,
257,36,119,154,174.0,185.0,304.0,419.0,452.0,459.0,,,,,,,,,,,,
258,92,97,109,173.0,224.0,254.0,279.0,300.0,343.0,354.0,403.0,416.0,451.0,460.0,,,,,,,
259,60,112,124,143.0,164.0,380.0,430.0,441.0,457.0,,,,,,,,,,,,
260,4,17,30,33.0,48.0,85.0,159.0,222.0,397.0,400.0,435.0,488.0,,,,,,,,,
261,17,55,96,156.0,225.0,325.0,423.0,,,,,,,,,,,,,,
262,3,5,71,136.0,200.0,222.0,361.0,364.0,373.0,412.0,,,,,,,,,,,
263,19,20,51,154.0,236.0,264.0,308.0,316.0,402.0,409.0,,,,,,,,,,,
264,24,25,26,45.0,76.0,134.0,184.0,198.0,263.0,304.0,311.0,376.0,484.0,485.0,,,,,,,
265,30,129,218,222.0,,,,,,,,,,,,,,,,,
266,80,86,137,214.0,236.0,339.0,349.0,367.0,401.0,422.0,436.0,,,,,,,,,,
267,27,47,55,69.0,80.0,106.0,178.0,187.0,319.0,369.0,372.0,,,,,,,,,,
268,31,45,77,110.0,162.0,314.0,331.0,391.0,393.0,479.0,482.0,,,,,,,,,,
269,17,36,136,143.0,160.0,330.0,410.0,463.0,,,,,,,,,,,,,
270,211,286,299,303.0,339.0,,,,,,,,,,,,,,,,
271,25,60,91,106.0,169.0,181.0,317.0,389.0,437.0,441.0,,,,,,,,,,,
272,44,57,67,117.0,290.0,314.0,336.0,344.0,367.0,424.0,487.0,,,,,,,,,,
273,100,207,208,292.0,296.0,387.0,497.0,,,,,,,,,,,,,,
274,49,100,185,205.0,233.0,292.0,361.0,380.0,411.0,432.0,456.0,,,,,,,,,,
275,74,119,165,215.0,246.0,292.0,311.0,429.0,465.0,497.0,,,,,,,,,,,
276,20,83,89,151.0,168.0,301.0,340.0,408.0,,,,,,,,,,,,,
277,29,35,54,391.0,435.0,484.0,,,,,,,,,,,,,,,
278,34,56,128,175.0,191.0,236.0,,,,,,,,,,,,,,,
279,21,152,191,231.0,258.0,343.0,470.0,,,,,,,,,,,,,,
280,31,70,111,119.0,137.0,206.0,351.0,363.0,451.0,462.0,,,,,,,,,,,
281,13,39,56,184.0,199.0,211.0,451.0,478.0,499.0,,,,,,,,,,,,
282,62,67,191,209.0,235.0,287.0,361.0,367.0,374.0,411.0,437.0,447.0,491.0,,,,,,,,
283,53,171,194,242.0,288.0,319.0,335.0,365.0,385.0,,,,,,,,,,,,
284,70,153,157,169.0,232.0,467.0,486.0,,,,,,,,,,,,,,
285,163,188,244,309.0,334.0,,,,,,,,,,,,,,,,
286,107,114,163,244.0,270.0,370.0,447.0,450.0,495.0,,,,,,,,,,,,
287,4,56,66,73.0,74.0,184.0,185.0,194.0,228.0,237.0,249.0,282.0,357.0,,,,,,,,
288,0,41,69,100.0,140.0,194.0,236.0,283.0,358.0,372.0,393.0,411.0,422.0,439.0,,,,,,,
289,2,50,72,132.0,191.0,193.0,361.0,468.0,,,,,,,,,,,,,
290,50,117,192,237.0,272.0,320.0,355.0,375.0,391.0,,,,,,,,,,,,
291,110,114,297,299.0,481.0,,,,,,,,,,,,,,,,
292,0,15,170,184.0,186.0,273.0,274.0,275.0,326.0,408.0,447.0,493.0,494.0,,,,,,,,
293,14,91,133,216.0,240.0,313.0,325.0,344.0,356.0,448.0,450.0,,,,,,,,,,
294,88,179,198,319.0,467.0,,,,,,,,,,,,,,,,
295,17,50,459,472.0,492.0,,,,,,,,,,,,,,,,
296,6,22,138,192.0,207.0,214.0,273.0,407.0,452.0,,,,,,,,,,,,
297,49,72,291,324.0,327.0,389.0,465.0,,,,,,,,,,,,,,
298,12,227,478,484.0,,,,,,,,,,,,,,,,,
299,13,24,60,82.0,87.0,270.0,291.0,422.0,426.0,,,,,,,,,,,,
300,60,233,258,370.0,456.0,464.0,,,,,,,,,,,,,,,
301,13,94,112,220.0,276.0,319.0,423.0,432.0,459.0,461.0,,,,,,,,,,,
302,50,111,127,235.0,239.0,312.0,416.0,422.0,431.0,,,,,,,,,,,,
303,37,45,71,90.0,153.0,165.0,201.0,207.0,270.0,313.0,459.0,,,,,,,,,,
304,3,125,126,158.0,165.0,257.0,264.0,307.0,404.0,433.0,441.0,458.0,,,,,,,,,
305,47,74,151,169.0,345.0,375.0,433.0,468.0,,,,,,,,,,,,,
306,23,26,36,90.0,96.0,115.0,171.0,216.0,336.0,,,,,,,,,,,,
307,68,87,132,230.0,304.0,338.0,438.0,477.0,497.0,,,,,,,,,,,,
308,151,215,220,227.0,263.0,312.0,350.0,383.0,386.0,477.0,499.0,,,,,,,,,,
309,126,152,198,285.0,399.0,408.0,461.0,493.0,,,,,,,,,,,,,
310,50,93,119,318.0,372.0,373.0,484.0,,,,,,,,,,,,,,
311,46,91,95,98.0,126.0,155.0,248.0,264.0,275.0,328.0,340.0,399.0,418.0,,,,,,,,
312,11,52,97,109.0,172.0,201.0,230.0,302.0,308.0,419.0,428.0,446.0,482.0,488.0,,,,,,,
313,17,28,33,93.0,135.0,138.0,171.0,252.0,293.0,303.0,396.0,411.0,452.0,496.0,,,,,,,
314,2,105,128,136.0,154.0,173.0,243.0,268.0,272.0,378.0,444.0,450.0,466.0,,,,,,,,
315,182,207,415,460.0,496.0,,,,,,,,,,,,,,,,
316,10,187,188,263.0,324.0,450.0,,,,,,,,,,,,,,,
317,131,215,219,271.0,376.0,384.0,456.0,473.0,,,,,,,,,,,,,
318,29,68,79,83.0,89.0,106.0,111.0,119.0,224.0,310.0,359.0,369.0,394.0,401.0,444.0,,,,,,
319,193,248,267,283.0,294.0,301.0,423.0,,,,,,,,,,,,,,
320,14,30,40,41.0,106.0,125.0,160.0,196.0,290.0,357.0,366.0,407.0,411.0,424.0,433.0,466.0,,,,,
321,49,52,181,204.0,251.0,253.0,255.0,386.0,493.0,,,,,,,,,,,,
322,47,72,84,120.0,127.0,198.0,342.0,364.0,392.0,393.0,439.0,450.0,461.0,,,,,,,,
323,4,65,184,213.0,339.0,342.0,357.0,426.0,439.0,,,,,,,,,,,,
324,17,58,89,181.0,213.0,297.0,316.0,414.0,433.0,,,,,,,,,,,,
325,8,52,75,124.0,200.0,261.0,293.0,370.0,399.0,404.0,407.0,438.0,458.0,,,,,,,,
326,17,106,153,218.0,227.0,292.0,357.0,378.0,396.0,429.0,451.0,,,,,,,,,,
327,29,34,41,71.0,97.0,174.0,297.0,357.0,459.0,,,,,,,,,,,,
328,66,86,158,161.0,188.0,194.0,228.0,231.0,311.0,353.0,,,,,,,,,,,
329,189,217,228,398.0,427.0,458.0,467.0,485.0,,,,,,,,,,,,,
330,20,169,202,269.0,384.0,401.0,449.0,,,,,,,,,,,,,,
331,18,22,77,81.0,268.0,424.0,427.0,477.0,,,,,,,,,,,,,
332,357,391,450,465.0,486.0,,,,,,,,,,,,,,,,
333,196,218,400,450.0,,,,,,,,,,,,,,,,,
334,38,142,193,201.0,246.0,285.0,459.0,,,,,,,,,,,,,,
335,91,138,219,283.0,349.0,460.0,478.0,483.0,,,,,,,,,,,,,
336,30,125,174,184.0,272.0,306.0,378.0,476.0,,,,,,,,,,,,,
337,14,64,112,193.0,232.0,396.0,431.0,438.0,478.0,,,,,,,,,,,,
338,99,100,240,307.0,361.0,373.0,442.0,460.0,469.0,475.0,,,,,,,,,,,
339,67,126,242,266.0,270.0,323.0,345.0,446.0,464.0,,,,,,,,,,,,
340,59,82,102,193.0,276.0,311.0,361.0,,,,,,,,,,,,,,
341,59,78,79,196.0,218.0,400.0,402.0,405.0,417.0,440.0,459.0,482.0,,,,,,,,,
342,41,62,182,200.0,206.0,235.0,322.0,323.0,348.0,352.0,378.0,499.0,,,,,,,,,
343,2,20,37,40.0,182.0,234.0,239.0,258.0,279.0,351.0,386.0,390.0,454.0,,,,,,,,
344,57,118,166,169.0,228.0,236.0,272.0,293.0,378.0,456.0,490.0,,,,,,,,,,
345,50,59,104,155.0,162.0,305.0,339.0,378.0,466.0,478.0,,,,,,,,,,,
346,122,130,347,440.0,481.0,491.0,,,,,,,,,,,,,,,
347,76,78,91,159.0,214.0,218.0,346.0,463.0,478.0,,,,,,,,,,,,
348,23,137,143,212.0,342.0,379.0,387.0,,,,,,,,,,,,,,
349,50,106,218,248.0,266.0,335.0,381.0,456.0,,,,,,,,,,,,,
350,1,21,116,194.0,251.0,308.0,360.0,429.0,441.0,467.0,481.0,,,,,,,,,,
351,9,98,127,147.0,165.0,230.0,280.0,343.0,467.0,,,,,,,,,,,,
352,89,157,201,239.0,240.0,342.0,380.0,389.0,430.0,447.0,465.0,,,,,,,,,,
353,44,146,328,382.0,412.0,,,,,,,,,,,,,,,,
354,21,77,162,181.0,258.0,486.0,,,,,,,,,,,,,,,
355,35,107,146,155.0,198.0,290.0,368.0,436.0,457.0,489.0,491.0,,,,,,,,,,
356,48,91,153,236.0,293.0,389.0,441.0,454.0,471.0,497.0,,,,,,,,,,,
357,7,79,287,320.0,323.0,326.0,327.0,332.0,405.0,441.0,,,,,,,,,,,
358,103,214,245,288.0,423.0,457.0,492.0,,,,,,,,,,,,,,
359,59,140,197,209.0,212.0,318.0,430.0,454.0,486.0,,,,,,,,,,,,
360,49,51,173,225.0,350.0,401.0,403.0,408.0,451.0,469.0,478.0,487.0,490.0,,,,,,,,
361,2,124,136,158.0,180.0,262.0,274.0,282.0,289.0,338.0,340.0,,,,,,,,,,
362,59,122,146,169.0,181.0,191.0,384.0,467.0,,,,,,,,,,,,,
363,12,36,39,43.0,52.0,54.0,56.0,123.0,196.0,280.0,458.0,,,,,,,,,,
364,5,62,69,181.0,235.0,256.0,262.0,322.0,427.0,499.0,,,,,,,,,,,
365,14,20,162,218.0,229.0,283.0,366.0,438.0,,,,,,,,,,,,,
366,55,92,129,197.0,242.0,247.0,253.0,320.0,365.0,408.0,434.0,460.0,,,,,,,,,
367,9,28,92,93.0,110.0,223.0,244.0,254.0,266.0,272.0,282.0,414.0,416.0,,,,,,,,
368,14,101,110,176.0,236.0,355.0,479.0,,,,,,,,,,,,,,
369,35,37,45,76.0,110.0,231.0,245.0,267.0,318.0,451.0,,,,,,,,,,,
370,116,130,205,286.0,300.0,325.0,388.0,392.0,417.0,,,,,,,,,,,,
371,21,27,147,385.0,478.0,489.0,,,,,,,,,,,,,,,
372,56,65,104,255.0,267.0,288.0,310.0,395.0,438.0,469.0,491.0,,,,,,,,,,
373,78,164,172,204.0,241.0,262.0,310.0,338.0,398.0,418.0,437.0,485.0,486.0,,,,,,,,
374,21,61,104,282.0,389.0,429.0,,,,,,,,,,,,,,,
375,32,139,199,211.0,230.0,237.0,290.0,305.0,397.0,410.0,420.0,456.0,,,,,,,,,
376,133,150,214,229.0,235.0,264.0,317.0,390.0,415.0,430.0,468.0,,,,,,,,,,
377,57,156,192,396.0,,,,,,,,,,,,,,,,,
378,22,43,45,167.0,314.0,326.0,336.0,342.0,344.0,345.0,416.0,478.0,492.0,,,,,,,,
379,122,181,224,348.0,417.0,491.0,,,,,,,,,,,,,,,
380,23,104,178,182.0,219.0,259.0,274.0,352.0,381.0,,,,,,,,,,,,
381,36,133,164,221.0,349.0,380.0,,,,,,,,,,,,,,,
382,1,3,7,24.0,54.0,58.0,75.0,95.0,101.0,121.0,144.0,147.0,200.0,353.0,391.0,407.0,473.0,488.0,,,
383,74,90,131,308.0,429.0,447.0,495.0,,,,,,,,,,,,,,
384,83,109,111,116.0,117.0,170.0,179.0,220.0,222.0,317.0,330.0,362.0,,,,,,,,,
385,65,69,106,239.0,283.0,371.0,395.0,400.0,484.0,,,,,,,,,,,,
386,16,244,308,321.0,343.0,,,,,,,,,,,,,,,,
387,2,43,47,88.0,157.0,273.0,348.0,403.0,460.0,,,,,,,,,,,,
388,12,117,223,238.0,239.0,370.0,,,,,,,,,,,,,,,
389,91,207,245,271.0,297.0,352.0,356.0,374.0,399.0,410.0,,,,,,,,,,,
390,14,29,63,101.0,112.0,113.0,124.0,131.0,215.0,232.0,343.0,376.0,436.0,,,,,,,,
391,49,79,141,173.0,176.0,186.0,188.0,268.0,277.0,290.0,332.0,382.0,467.0,497.0,,,,,,,
392,11,21,100,123.0,143.0,226.0,322.0,370.0,418.0,,,,,,,,,,,,
393,38,268,288,322.0,460.0,,,,,,,,,,,,,,,,
394,29,32,34,60.0,163.0,245.0,250.0,251.0,318.0,404.0,426.0,451.0,481.0,,,,,,,,
395,9,66,132,164.0,372.0,385.0,407.0,435.0,,,,,,,,,,,,,
396,6,42,142,214.0,233.0,249.0,313.0,326.0,337.0,377.0,403.0,406.0,446.0,483.0,,,,,,,
397,89,198,256,260.0,375.0,410.0,466.0,,,,,,,,,,,,,,
398,28,163,204,329.0,373.0,,,,,,,,,,,,,,,,
399,230,309,311,325.0,389.0,428.0,,,,,,,,,,,,,,,
400,56,116,132,135.0,187.0,233.0,260.0,333.0,341.0,385.0,406.0,495.0,,,,,,,,,
401,199,227,266,318.0,330.0,360.0,470.0,474.0,,,,,,,,,,,,,
402,19,80,82,208.0,230.0,263.0,341.0,473.0,,,,,,,,,,,,,
403,29,55,58,139.0,213.0,226.0,258.0,360.0,387.0,396.0,411.0,494.0,,,,,,,,,
404,22,31,109,172.0,235.0,251.0,304.0,325.0,394.0,430.0,450.0,460.0,478.0,496.0,499.0,,,,,,
405,91,183,341,357.0,472.0,487.0,,,,,,,,,,,,,,,
406,60,158,160,171.0,251.0,396.0,400.0,,,,,,,,,,,,,,
407,12,76,86,118.0,154.0,175.0,186.0,242.0,296.0,320.0,325.0,382.0,395.0,415.0,489.0,,,,,,
408,82,156,204,221.0,276.0,292.0,309.0,360.0,366.0,,,,,,,,,,,,
409,14,16,95,137.0,149.0,164.0,167.0,216.0,233.0,263.0,445.0,446.0,454.0,484.0,,,,,,,
410,4,5,52,65.0,72.0,110.0,247.0,269.0,375.0,389.0,397.0,437.0,481.0,,,,,,,,
411,97,104,167,247.0,274.0,282.0,288.0,313.0,320.0,403.0,442.0,,,,,,,,,,
412,45,154,159,192.0,262.0,353.0,417.0,,,,,,,,,,,,,,
413,19,35,39,66.0,119.0,147.0,168.0,184.0,205.0,239.0,253.0,,,,,,,,,,
414,6,21,24,71.0,84.0,88.0,133.0,157.0,202.0,243.0,254.0,324.0,367.0,478.0,482.0,,,,,,
415,64,218,226,315.0,376.0,407.0,418.0,459.0,,,,,,,,,,,,,
416,36,71,179,215.0,225.0,258.0,302.0,367.0,378.0,492.0,,,,,,,,,,,
417,98,126,131,173.0,220.0,251.0,341.0,370.0,379.0,412.0,443.0,464.0,489.0,,,,,,,,
418,20,29,38,43.0,62.0,133.0,185.0,224.0,311.0,373.0,392.0,415.0,454.0,499.0,,,,,,,
419,37,63,66,70.0,125.0,197.0,257.0,312.0,488.0,,,,,,,,,,,,
420,14,43,48,109.0,156.0,375.0,,,,,,,,,,,,,,,
421,28,34,47,70.0,81.0,86.0,88.0,169.0,204.0,438.0,454.0,490.0,499.0,,,,,,,,
422,31,35,57,190.0,196.0,266.0,288.0,299.0,302.0,424.0,431.0,450.0,468.0,,,,,,,,
423,43,95,141,200.0,206.0,210.0,228.0,230.0,246.0,261.0,301.0,319.0,358.0,,,,,,,,
424,24,69,102,109.0,139.0,191.0,272.0,320.0,331.0,422.0,432.0,468.0,485.0,,,,,,,,
425,107,124,175,177.0,224.0,450.0,476.0,,,,,,,,,,,,,,
426,59,93,103,122.0,144.0,148.0,157.0,238.0,299.0,323.0,394.0,462.0,483.0,,,,,,,,
427,6,29,39,83.0,86.0,151.0,220.0,329.0,331.0,364.0,429.0,484.0,,,,,,,,,
428,40,44,169,209.0,312.0,399.0,,,,,,,,,,,,,,,
429,35,152,250,275.0,326.0,350.0,374.0,383.0,427.0,453.0,476.0,485.0,,,,,,,,,
430,5,30,42,62.0,180.0,190.0,203.0,259.0,352.0,359.0,376.0,404.0,494.0,,,,,,,,
431,91,92,182,302.0,337.0,422.0,486.0,,,,,,,,,,,,,,
432,63,111,132,158.0,167.0,187.0,219.0,274.0,301.0,424.0,445.0,471.0,,,,,,,,,
433,14,40,86,95.0,117.0,119.0,154.0,176.0,219.0,243.0,304.0,305.0,320.0,324.0,465.0,486.0,,,,,
434,20,49,68,86.0,108.0,185.0,218.0,366.0,452.0,457.0,,,,,,,,,,,
435,26,111,183,225.0,252.0,260.0,277.0,395.0,483.0,496.0,,,,,,,,,,,
436,19,49,91,124.0,180.0,235.0,266.0,355.0,390.0,478.0,,,,,,,,,,,
437,31,33,47,185.0,271.0,282.0,373.0,410.0,448.0,452.0,499.0,,,,,,,,,,
438,11,59,79,100.0,137.0,139.0,192.0,307.0,325.0,337.0,365.0,372.0,421.0,474.0,,,,,,,
439,5,11,30,31.0,40.0,56.0,92.0,136.0,142.0,148.0,212.0,288.0,322.0,323.0,445.0,449.0,487.0,,,,
440,15,19,139,162.0,195.0,246.0,341.0,346.0,,,,,,,,,,,,,
441,36,60,150,151.0,190.0,202.0,212.0,247.0,250.0,259.0,271.0,304.0,350.0,356.0,357.0,495.0,,,,,
442,4,10,57,104.0,194.0,225.0,338.0,411.0,,,,,,,,,,,,,
443,33,63,73,115.0,172.0,207.0,224.0,231.0,417.0,495.0,,,,,,,,,,,
444,4,22,159,314.0,318.0,,,,,,,,,,,,,,,,
445,20,43,130,180.0,193.0,248.0,409.0,432.0,439.0,455.0,471.0,,,,,,,,,,
446,17,194,203,312.0,339.0,396.0,409.0,475.0,488.0,,,,,,,,,,,,
447,73,81,103,111.0,249.0,282.0,286.0,292.0,352.0,383.0,,,,,,,,,,,
448,15,39,45,55.0,69.0,111.0,146.0,170.0,293.0,437.0,461.0,493.0,,,,,,,,,
449,80,162,188,241.0,249.0,330.0,439.0,463.0,475.0,,,,,,,,,,,,
450,2,31,102,128.0,164.0,212.0,214.0,286.0,293.0,314.0,316.0,322.0,332.0,333.0,404.0,422.0,425.0,455.0,,,
451,185,258,280,281.0,326.0,360.0,369.0,394.0,,,,,,,,,,,,,
452,62,70,201,226.0,251.0,257.0,296.0,313.0,434.0,437.0,,,,,,,,,,,
453,14,168,172,429.0,477.0,499.0,,,,,,,,,,,,,,,
454,11,115,139,210.0,230.0,343.0,356.0,359.0,409.0,418.0,421.0,461.0,487.0,,,,,,,,
455,139,161,224,445.0,450.0,,,,,,,,,,,,,,,,
456,117,131,164,274.0,300.0,317.0,344.0,349.0,375.0,,,,,,,,,,,,
457,77,159,194,207.0,231.0,259.0,355.0,358.0,434.0,,,,,,,,,,,,
458,87,197,304,325.0,329.0,363.0,476.0,,,,,,,,,,,,,,
459,17,21,45,148.0,257.0,295.0,301.0,303.0,327.0,334.0,341.0,415.0,,,,,,,,,
460,81,94,176,177.0,203.0,258.0,315.0,335.0,338.0,366.0,387.0,393.0,404.0,468.0,476.0,490.0,,,,,
461,44,93,119,127.0,150.0,182.0,251.0,254.0,301.0,309.0,322.0,448.0,454.0,464.0,490.0,,,,,,
462,48,87,183,219.0,280.0,426.0,,,,,,,,,,,,,,,
463,2,48,100,232.0,269.0,347.0,449.0,,,,,,,,,,,,,,
464,75,151,182,229.0,300.0,339.0,417.0,461.0,,,,,,,,,,,,,
465,62,256,275,297.0,332.0,352.0,433.0,,,,,,,,,,,,,,
466,52,85,215,314.0,320.0,345.0,397.0,480.0,,,,,,,,,,,,,
467,40,68,133,197.0,284.0,294.0,329.0,350.0,351.0,362.0,391.0,,,,,,,,,,
468,10,11,102,256.0,289.0,305.0,376.0,422.0,424.0,460.0,,,,,,,,,,,
469,125,140,206,232.0,338.0,360.0,372.0,476.0,479.0,,,,,,,,,,,,
470,28,50,81,113.0,152.0,182.0,247.0,279.0,401.0,,,,,,,,,,,,
471,13,63,109,356.0,432.0,445.0,,,,,,,,,,,,,,,
472,75,295,405,,,,,,,,,,,,,,,,,,
473,67,143,153,213.0,317.0,382.0,402.0,,,,,,,,,,,,,,
474,196,401,438,,,,,,,,,,,,,,,,,,
475,158,338,446,449.0,,,,,,,,,,,,,,,,,
476,21,70,128,168.0,169.0,174.0,239.0,336.0,425.0,429.0,458.0,460.0,469.0,,,,,,,,
477,55,56,63,64.0,91.0,213.0,243.0,255.0,307.0,308.0,331.0,453.0,,,,,,,,,
478,0,13,123,130.0,185.0,194.0,197.0,215.0,251.0,281.0,298.0,335.0,337.0,345.0,347.0,360.0,371.0,378.0,404.0,414.0,436.0
479,96,209,239,242.0,268.0,368.0,469.0,,,,,,,,,,,,,,
480,1,98,195,215.0,217.0,466.0,492.0,,,,,,,,,,,,,,
481,51,122,150,224.0,291.0,346.0,350.0,394.0,410.0,,,,,,,,,,,,
482,1,16,128,204.0,212.0,268.0,312.0,341.0,414.0,,,,,,,,,,,,
483,55,75,97,185.0,240.0,335.0,396.0,426.0,435.0,495.0,,,,,,,,,,,
484,62,72,119,249.0,264.0,277.0,298.0,310.0,385.0,409.0,427.0,,,,,,,,,,
485,39,40,43,59.0,196.0,264.0,329.0,373.0,424.0,429.0,,,,,,,,,,,
486,71,96,146,170.0,252.0,284.0,332.0,354.0,359.0,373.0,431.0,433.0,499.0,,,,,,,,
487,77,86,90,149.0,155.0,158.0,239.0,252.0,272.0,360.0,405.0,439.0,454.0,,,,,,,,
488,198,217,260,312.0,382.0,419.0,446.0,,,,,,,,,,,,,,
489,23,25,111,355.0,371.0,407.0,417.0,,,,,,,,,,,,,,
490,6,19,27,52.0,108.0,114.0,131.0,167.0,182.0,344.0,360.0,421.0,460.0,461.0,,,,,,,
491,54,131,227,282.0,346.0,355.0,372.0,379.0,,,,,,,,,,,,,
492,100,159,161,166.0,187.0,218.0,295.0,358.0,378.0,416.0,480.0,,,,,,,,,,
493,30,106,138,156.0,211.0,212.0,225.0,292.0,309.0,321.0,448.0,,,,,,,,,,
494,30,39,102,126.0,163.0,173.0,247.0,292.0,403.0,430.0,,,,,,,,,,,
495,34,65,105,108.0,135.0,143.0,286.0,383.0,400.0,441.0,443.0,483.0,,,,,,,,,
496,0,100,208,214.0,313.0,315.0,404.0,435.0,,,,,,,,,,,,,
497,46,59,87,102.0,115.0,140.0,142.0,256.0,273.0,275.0,307.0,356.0,391.0,,,,,,,,
498,133,199,203,220.0,,,,,,,,,,,,,,,,,
499,133,193,229,236.0,281.0,308.0,342.0,364.0,404.0,418.0,421.0,437.0,453.0,486.0,,,,,,,
